idV,device,minV,maxV,diff,created
565087,pilot02,-1061.4014,-1048.4009,13.0004999999999,2020-02-28 00:01:58.953
565097,pilot02,-1057.0679,-1049.9268,7.14110000000005,2020-02-28 00:03:43.570
565109,pilot02,-1056.6406,-1051.3306,5.30999999999995,2020-02-28 00:05:49.730
565121,pilot02,-1059.6924,-1052.2461,7.44629999999984,2020-02-28 00:07:53.620
565133,pilot02,-1078.3691,-1032.1045,46.2646,2020-02-28 00:09:50.140
565145,pilot02,-1054.9316,-1050.415,4.51659999999993,2020-02-28 00:11:46.847
565157,pilot02,-1054.0771,-1050.415,3.66210000000001,2020-02-28 00:13:42.453
565171,pilot02,-1072.6929,-1046.0205,26.6723999999999,2020-02-28 00:15:58.903
565183,pilot02,-1068.6646,-1033.6304,35.0342000000001,2020-02-28 00:17:53.173
565195,pilot02,-1055.3589,-1050.293,5.06590000000006,2020-02-28 00:19:54.937
565207,pilot02,-1056.7627,-1053.2227,3.53999999999996,2020-02-28 00:21:59.220
565219,pilot02,-1057.6172,-1027.0386,30.5785999999998,2020-02-28 00:23:58.913
565231,pilot02,-1059.9365,-1033.0811,26.8553999999999,2020-02-28 00:25:56.200
565243,pilot02,-1057.373,-1051.8188,5.55420000000004,2020-02-28 00:27:51.387
565255,pilot02,-1055.1147,-1050.9033,4.21140000000014,2020-02-28 00:29:46.263
565267,pilot02,-1060.0586,-1052.1851,7.87350000000015,2020-02-28 00:31:42.830
565281,pilot02,-1067.9932,-1053.4058,14.5873999999999,2020-02-28 00:33:56.830
565293,pilot02,-1056.0913,-1050.5371,5.55420000000004,2020-02-28 00:35:51.423
565305,pilot02,-1056.2134,-1049.5605,6.65290000000005,2020-02-28 00:37:55.890
565316,pilot02,-1053.5278,-1050.4761,3.05169999999998,2020-02-28 00:39:56.993
565328,pilot02,-1063.8428,-1050.0488,13.7939999999999,2020-02-28 00:41:54.680
565340,pilot02,-1055.4199,-1049.1333,6.28660000000014,2020-02-28 00:43:50.803
565353,pilot02,-1053.7109,-1049.8047,3.90620000000013,2020-02-28 00:45:46.237
565365,pilot02,-1067.8101,-1049.4385,18.3715999999999,2020-02-28 00:47:42.890
565379,pilot02,-1059.082,-1049.8657,9.21630000000005,2020-02-28 00:49:57.047
565391,pilot02,-1055.6641,-1051.3306,4.33349999999996,2020-02-28 00:51:51.767
565403,pilot02,-1054.3213,-1049.4385,4.88280000000009,2020-02-28 00:53:52.567
565415,pilot02,-1064.8804,-1044.9829,19.8975,2020-02-28 00:55:59.197
565427,pilot02,-1069.7632,-1050.415,19.3482000000001,2020-02-28 00:57:59.700
565437,pilot02,-1054.7485,-1048.8281,5.92039999999997,2020-02-28 00:59:44.327
565451,pilot02,-1055.3589,-1048.7671,6.59179999999992,2020-02-28 01:01:57.333
565463,pilot02,-1056.7017,-1042.1143,14.5874000000001,2020-02-28 01:03:51.177
565475,pilot02,-1057.6172,-1047.0581,10.5590999999999,2020-02-28 01:05:44.990
565489,pilot02,-1053.6499,-1049.0723,4.57759999999985,2020-02-28 01:07:58.653
565501,pilot02,-1056.0913,-1052.124,3.96730000000002,2020-02-28 01:09:55.913
565513,pilot02,-1053.772,-1040.2222,13.5498,2020-02-28 01:11:54.847
565525,pilot02,-1058.3496,-1028.5645,29.7851000000001,2020-02-28 01:13:53.997
565537,pilot02,-1054.8096,-1051.2695,3.54009999999994,2020-02-28 01:15:54.337
565549,pilot02,-1052.8564,-1050.1099,2.74649999999997,2020-02-28 01:17:50.173
565561,pilot02,-1052.1851,-1041.3818,10.8032999999998,2020-02-28 01:19:45.000
565575,pilot02,-1062.561,-1046.936,15.625,2020-02-28 01:21:59.117
565587,pilot02,-1051.3306,-1047.4854,3.84519999999998,2020-02-28 01:23:53.460
565599,pilot02,-1054.3823,-1046.2036,8.17869999999994,2020-02-28 01:25:53.947
565611,pilot02,-1051.5747,-1043.8232,7.75149999999985,2020-02-28 01:27:55.630
565622,pilot02,-1057.0679,-1032.0435,25.0244,2020-02-28 01:29:58.687
565634,pilot02,-1052.1851,-1048.0347,4.15039999999999,2020-02-28 01:31:56.040
565647,pilot02,-1053.4668,-1049.1943,4.27249999999981,2020-02-28 01:33:54.097
565659,pilot02,-1056.4575,-1048.2178,8.23970000000008,2020-02-28 01:35:51.587
565671,pilot02,-1061.8286,-1036.8652,24.9634000000001,2020-02-28 01:37:46.063
565685,pilot02,-1054.8096,-1047.4854,7.32420000000002,2020-02-28 01:39:59.570
565697,pilot02,-1052.9785,-1049.8047,3.17380000000003,2020-02-28 01:41:56.270
565709,pilot02,-1056.0913,-1050.415,5.67630000000008,2020-02-28 01:43:51.233
565721,pilot02,-1057.7393,-1032.1045,25.6348,2020-02-28 01:45:52.620
565733,pilot02,-1053.4668,-1051.3916,2.0752,2020-02-28 01:47:55.490
565745,pilot02,-1050.9033,-1046.936,3.96730000000002,2020-02-28 01:49:57.557
565758,pilot02,-1053.0396,-1034.0576,18.982,2020-02-28 01:51:54.200
565770,pilot02,-1061.0352,-1022.9492,38.086,2020-02-28 01:53:51.437
565782,pilot02,-1052.9785,-1046.7529,6.22559999999999,2020-02-28 01:55:47.590
565794,pilot02,-1052.7344,-1046.1426,6.59180000000015,2020-02-28 01:57:43.207
565806,pilot02,-1054.6875,-1046.3867,8.30079999999998,2020-02-28 01:59:42.560
565808,pilot02,-1050.9033,-1050.9033,0,2020-02-28 02:00:01.603
565811,pilot02,-1024.231,-1011.3525,12.8785,2020-02-28 02:17:46.237
565817,pilot02,-1030.0903,-1023.9258,6.16450000000009,2020-02-28 02:19:53.260
565829,pilot02,-1037.1094,-1030.1514,6.95800000000008,2020-02-28 02:21:56.727
565841,pilot02,-1036.7432,-1028.1372,8.60599999999999,2020-02-28 02:23:53.840
565853,pilot02,-1049.4995,-1020.3247,29.1747999999999,2020-02-28 02:25:51.803
565865,pilot02,-1045.0439,-1035.7666,9.27729999999997,2020-02-28 02:27:50.263
565877,pilot02,-1045.105,-1040.3442,4.76080000000002,2020-02-28 02:29:49.363
565889,pilot02,-1052.9785,-1042.7246,10.2538999999999,2020-02-28 02:31:46.190
565902,pilot02,-1057.5562,-1025.9399,31.6162999999999,2020-02-28 02:33:54.283
565912,pilot02,-1047.6074,-1041.0156,6.59180000000015,2020-02-28 02:35:44.727
565924,pilot02,-1045.9595,-1043.396,2.56349999999998,2020-02-28 02:37:43.893
565936,pilot02,-1054.6265,-1042.4194,12.2071000000001,2020-02-28 02:39:41.110
565950,pilot02,-1047.9126,-1029.7852,18.1274000000001,2020-02-28 02:41:57.683
565962,pilot02,-1049.0723,-1043.396,5.67630000000008,2020-02-28 02:43:53.920
565973,pilot02,-1046.3257,-1045.0439,1.2818000000002,2020-02-28 02:45:50.800
565986,pilot02,-1051.3916,-1033.1421,18.2494999999999,2020-02-28 02:47:55.363
565996,pilot02,-1058.7769,-1028.7476,30.0293000000001,2020-02-28 02:49:44.897
566008,pilot02,-1048.4619,-1046.5698,1.89210000000003,2020-02-28 02:51:51.830
566020,pilot02,-1050.354,-1046.2036,4.15039999999999,2020-02-28 02:53:53.393
566032,pilot02,-1048.0347,-1042.5415,5.49319999999989,2020-02-28 02:55:52.583
566044,pilot02,-1056.0913,-1025.6348,30.4565,2020-02-28 02:57:50.520
566054,pilot02,-1050.1099,-1043.9453,6.16459999999984,2020-02-28 02:59:40.820
566066,pilot02,-1048.1567,-1041.748,6.40869999999995,2020-02-28 03:01:40.817
566078,pilot02,-1046.814,-1035.2173,11.5967000000001,2020-02-28 03:03:43.960
566090,pilot02,-1053.772,-1035.2173,18.5546999999999,2020-02-28 03:05:44.397
566102,pilot02,-1050.7202,-1041.626,9.0942,2020-02-28 03:07:43.913
566114,pilot02,-1050.293,-1044.3115,5.98149999999987,2020-02-28 03:09:40.837
566126,pilot02,-1060.6079,-1043.8232,16.7846999999999,2020-02-28 03:11:43.147
566138,pilot02,-1063.8428,-1041.0767,22.7660999999998,2020-02-28 03:13:41.107
566152,pilot02,-1047.9126,-1043.2739,4.6387000000002,2020-02-28 03:15:55.630
566163,pilot02,-1048.1567,-1042.9688,5.1878999999999,2020-02-28 03:17:53.293
566175,pilot02,-1051.7578,-1045.2271,6.53070000000002,2020-02-28 03:19:55.780
566187,pilot02,-1049.6216,-1032.7148,16.9068,2020-02-28 03:21:57.737
566199,pilot02,-1049.7437,-1043.7012,6.04250000000002,2020-02-28 03:23:54.707
566211,pilot02,-1051.0864,-1048.0957,2.99069999999983,2020-02-28 03:25:53.480
566223,pilot02,-1054.3213,-1045.7764,8.5449000000001,2020-02-28 03:27:53.513
566235,pilot02,-1053.833,-1024.231,29.6020000000001,2020-02-28 03:29:52.607
566247,pilot02,-1052.6733,-1047.7905,4.88279999999986,2020-02-28 03:31:48.077
566259,pilot02,-1051.9409,-1045.7764,6.16450000000009,2020-02-28 03:33:55.000
566269,pilot02,-1061.5234,-1044.2505,17.2728999999999,2020-02-28 03:35:42.487
566281,pilot02,-1069.7021,-1038.208,31.4940999999999,2020-02-28 03:37:47.023
566293,pilot02,-1050.415,-1045.2881,5.12689999999998,2020-02-28 03:39:44.503
566305,pilot02,-1048.3398,-1042.1143,6.22550000000001,2020-02-28 03:41:42.260
566317,pilot02,-1048.8892,-1045.7764,3.11280000000011,2020-02-28 03:43:42.370
566329,pilot02,-1057.9224,-1021.3013,36.6211,2020-02-28 03:45:41.547
566343,pilot02,-1048.584,-1043.7012,4.88280000000009,2020-02-28 03:47:59.750
566353,pilot02,-1047.0581,-1044.5557,2.50240000000008,2020-02-28 03:49:44.730
566365,pilot02,-1049.7437,-1033.2642,16.4794999999999,2020-02-28 03:51:46.940
566377,pilot02,-1061.9507,-1022.3999,39.5508000000001,2020-02-28 03:53:44.093
566389,pilot02,-1047.6074,-1041.687,5.9204000000002,2020-02-28 03:55:43.060
566403,pilot02,-1047.9126,-1042.7246,5.1880000000001,2020-02-28 03:57:59.420
566415,pilot02,-1050.4761,-1029.9072,20.5689,2020-02-28 03:59:55.937
566427,pilot02,-1058.3496,-1038.0249,20.3247000000001,2020-02-28 04:01:54.543
566439,pilot02,-1051.5747,-1040.4663,11.1083999999998,2020-02-28 04:03:59.257
566449,pilot02,-1050.5371,-1044.0674,6.4697000000001,2020-02-28 04:05:44.687
566461,pilot02,-1049.5605,-1042.6025,6.95800000000008,2020-02-28 04:07:44.467
566473,pilot02,-1052.4292,-1033.8135,18.6157000000001,2020-02-28 04:09:41.927
566487,pilot02,-1048.8281,-1042.6636,6.16449999999986,2020-02-28 04:11:56.483
566499,pilot02,-1050.1709,-1046.2036,3.96730000000002,2020-02-28 04:13:53.427
566511,pilot02,-1050.2319,-1045.3491,4.88280000000009,2020-02-28 04:15:52.370
566523,pilot02,-1051.6357,-1045.9595,5.67620000000011,2020-02-28 04:17:58.600
566532,pilot02,-1049.3774,-1046.2646,3.11280000000011,2020-02-28 04:19:44.173
566544,pilot02,-1051.8188,-1043.8843,7.93450000000007,2020-02-28 04:21:44.393
566556,pilot02,-1051.0254,-1035.0342,15.9911999999999,2020-02-28 04:23:42.163
566568,pilot02,-1065.4907,-1030.1514,35.3393000000001,2020-02-28 04:25:41.353
566582,pilot02,-1049.0112,-1045.5322,3.47899999999981,2020-02-28 04:27:56.497
566594,pilot02,-1048.4619,-1043.9453,4.51659999999993,2020-02-28 04:29:56.117
566606,pilot02,-1054.3823,-1041.9922,12.3901000000001,2020-02-28 04:31:59.057
566616,pilot02,-1069.519,-1045.2881,24.2309,2020-02-28 04:33:41.423
566628,pilot02,-1050.1099,-1044.9219,5.18799999999987,2020-02-28 04:35:48.423
566640,pilot02,-1049.8047,-1046.5698,3.23489999999993,2020-02-28 04:37:47.237
566652,pilot02,-1050.9644,-1044.0063,6.95810000000006,2020-02-28 04:39:43.743
566666,pilot02,-1059.2041,-1031.189,28.0150999999998,2020-02-28 04:41:59.590
566678,pilot02,-1050.1709,-1045.2881,4.88280000000009,2020-02-28 04:43:56.067
566690,pilot02,-1047.9736,-1043.396,4.57760000000007,2020-02-28 04:45:54.210
566700,pilot02,-1056.0913,-1044.6167,11.4746,2020-02-28 04:47:38.077
566713,pilot02,-1058.7769,-1048.1567,10.6202000000001,2020-02-28 04:49:45.710
566725,pilot02,-1049.4995,-1045.6543,3.84519999999998,2020-02-28 04:51:43.313
566739,pilot02,-1048.4009,-1045.7153,2.68560000000002,2020-02-28 04:53:57.450
566751,pilot02,-1051.8188,-1043.5791,8.23970000000008,2020-02-28 04:55:55.313
566763,pilot02,-1063.2324,-1027.8931,35.3393000000001,2020-02-28 04:57:53.020
566775,pilot02,-1050.2319,-1045.8374,4.39450000000011,2020-02-28 04:59:53.143
566787,pilot02,-1050.4761,-1046.5698,3.9063000000001,2020-02-28 05:01:56.630
566799,pilot02,-1052.4292,-1045.5322,6.89699999999993,2020-02-28 05:03:59.220
566811,pilot02,-1056.7627,-1027.0386,29.7240999999999,2020-02-28 05:05:59.060
566823,pilot02,-1050.9644,-1046.7529,4.21150000000011,2020-02-28 05:07:57.990
566835,pilot02,-1050.8423,-1044.6167,6.22559999999999,2020-02-28 05:09:56.223
566847,pilot02,-1063.7817,-1047.6074,16.1742999999999,2020-02-28 05:11:52.477
566859,pilot02,-1054.0161,-1030.6396,23.3765000000001,2020-02-28 05:13:47.970
566871,pilot02,-1051.5137,-1046.0815,5.43219999999997,2020-02-28 05:15:46.850
566882,pilot02,-1049.8657,-1045.2271,4.6386,2020-02-28 05:17:46.773
566895,pilot02,-1052.063,-1038.9404,13.1226000000001,2020-02-28 05:19:55.543
566907,pilot02,-1063.6597,-1042.1753,21.4843999999998,2020-02-28 05:21:56.863
566918,pilot02,-1050.5371,-1046.814,3.72309999999993,2020-02-28 05:23:53.480
566931,pilot02,-1052.4292,-1049.8047,2.62450000000013,2020-02-28 05:25:54.510
566943,pilot02,-1053.5889,-1048.2178,5.37110000000007,2020-02-28 05:27:52.613
566955,pilot02,-1054.2603,-1031.7993,22.461,2020-02-28 05:29:52.377
566967,pilot02,-1051.0864,-1046.6919,4.39449999999988,2020-02-28 05:31:47.720
566979,pilot02,-1052.3071,-1047.6074,4.69969999999989,2020-02-28 05:33:50.270
566990,pilot02,-1050.9644,-1038.0249,12.9395000000002,2020-02-28 05:35:50.227
567002,pilot02,-1063.7817,-1038.8794,24.9023,2020-02-28 05:37:55.133
567015,pilot02,-1049.0723,-1046.3257,2.74659999999994,2020-02-28 05:39:56.757
567027,pilot02,-1049.2554,-1046.2646,2.99080000000004,2020-02-28 05:41:54.180
567039,pilot02,-1058.1665,-1045.8374,12.3291000000002,2020-02-28 05:43:49.337
567050,pilot02,-1071.7163,-1046.5698,25.1465000000001,2020-02-28 05:45:47.847
567062,pilot02,-1049.3164,-1047.7905,1.52589999999987,2020-02-28 05:47:45.670
567074,pilot02,-1051.8188,-1045.9595,5.85930000000008,2020-02-28 05:49:44.810
567087,pilot02,-1064.7583,-1048.1567,16.6016,2020-02-28 05:51:52.767
567099,pilot02,-1070.1904,-1033.6914,36.499,2020-02-28 05:53:53.157
567111,pilot02,-1051.4526,-1046.0205,5.43209999999999,2020-02-28 05:55:55.503
567123,pilot02,-1051.8188,-1045.8984,5.92039999999997,2020-02-28 05:57:57.653
567135,pilot02,-1053.3447,-1037.2314,16.1133000000002,2020-02-28 05:59:56.337
567147,pilot02,-1068.2983,-1045.0439,23.2544,2020-02-28 06:01:55.380
567159,pilot02,-1052.2461,-1048.0347,4.21140000000014,2020-02-28 06:03:53.040
567171,pilot02,-1054.5654,-1050.8423,3.72309999999993,2020-02-28 06:05:48.843
567183,pilot02,-1060.2417,-1046.1426,14.0991000000001,2020-02-28 06:07:47.100
567195,pilot02,-1067.749,-1045.4102,22.3388,2020-02-28 06:09:48.037
567208,pilot02,-1053.1006,-1050.1709,2.92969999999991,2020-02-28 06:11:55.503
567220,pilot02,-1052.063,-1047.7905,4.27250000000004,2020-02-28 06:13:54.333
567232,pilot02,-1053.833,-1038.9404,14.8926000000001,2020-02-28 06:15:53.287
567244,pilot02,-1060.791,-1036.377,24.414,2020-02-28 06:17:50.037
567256,pilot02,-1052.7954,-1049.4995,3.29590000000007,2020-02-28 06:19:48.163
567268,pilot02,-1056.0913,-1044.6777,11.4136000000001,2020-02-28 06:21:51.320
567280,pilot02,-1051.8799,-1047.3633,4.51659999999993,2020-02-28 06:23:55.470
567292,pilot02,-1066.5283,-1026.8555,39.6728000000001,2020-02-28 06:25:56.440
567304,pilot02,-1053.4668,-1046.5088,6.95799999999986,2020-02-28 06:27:55.617
567316,pilot02,-1053.3447,-1045.5933,7.7514000000001,2020-02-28 06:29:55.907
567328,pilot02,-1056.4575,-1047.1191,9.33840000000009,2020-02-28 06:31:53.250
567340,pilot02,-1069.519,-1044.8608,24.6582000000001,2020-02-28 06:33:49.777
567352,pilot02,-1055.481,-1049.3164,6.16460000000006,2020-02-28 06:35:48.880
567364,pilot02,-1053.4058,-1049.9878,3.41799999999989,2020-02-28 06:37:45.337
567375,pilot02,-1063.1104,-1048.9502,14.1602,2020-02-28 06:39:46.343
567388,pilot02,-1071.7163,-1043.0908,28.6255000000001,2020-02-28 06:41:48.933
567399,pilot02,-1054.5654,-1051.1475,3.41789999999992,2020-02-28 06:43:47.160
567412,pilot02,-1054.4434,-1048.8892,5.55420000000004,2020-02-28 06:45:50.857
567423,pilot02,-1054.3823,-1049.1943,5.18799999999987,2020-02-28 06:47:50.077
567435,pilot02,-1088.501,-962.4023,126.0987,2020-02-28 06:49:48.267
567448,pilot02,-1074.3408,-1007.7515,66.5893,2020-02-28 06:51:51.927
567460,pilot02,-1175.7202,-952.6367,223.0835,2020-02-28 06:53:57.503
567472,pilot02,-1091.1255,-953.8574,137.2681,2020-02-28 06:55:56.113
567484,pilot02,-1090.21,-955.6274,134.5826,2020-02-28 06:57:55.190
567496,pilot02,-1139.9536,-974.1821,165.7715,2020-02-28 06:59:52.707
567508,pilot02,-1156.7383,-885.5591,271.1792,2020-02-28 07:01:48.330
567520,pilot02,-1037.1094,-956.665,80.4444000000001,2020-02-28 07:03:44.243
567534,pilot02,-1081.604,-948.5474,133.0566,2020-02-28 07:05:59.470
567546,pilot02,-1176.7578,-1046.3257,130.4321,2020-02-28 07:07:57.863
567558,pilot02,-1175.7202,-972.29,203.4302,2020-02-28 07:09:56.087
567570,pilot02,-1075.8667,-973.2666,102.6001,2020-02-28 07:11:55.623
567582,pilot02,-1075.7446,-1041.0156,34.729,2020-02-28 07:13:52.043
567593,pilot02,-1066.4673,-1059.3872,7.08010000000013,2020-02-28 07:15:49.567
567605,pilot02,-1070.4346,-1065.1855,5.2491,2020-02-28 07:17:47.367
567617,pilot02,-1086.853,-1064.8193,22.0337,2020-02-28 07:19:42.887
567631,pilot02,-1221.2524,-989.0137,232.2387,2020-02-28 07:21:56.600
567644,pilot02,-1072.5098,-1036.3159,36.1939,2020-02-28 07:23:54.187
567656,pilot02,-1067.9321,-1064.7583,3.17380000000003,2020-02-28 07:25:57.363
567668,pilot02,-1068.8477,-1063.9038,4.94389999999999,2020-02-28 07:27:53.547
567680,pilot02,-1075.8667,-1050.5371,25.3296,2020-02-28 07:29:48.610
567692,pilot02,-1086.5479,-1065.0024,21.5454999999999,2020-02-28 07:31:43.350
567704,pilot02,-1068.7866,-1064.6362,4.15039999999999,2020-02-28 07:33:43.203
567716,pilot02,-1117.7368,-971.0693,146.6675,2020-02-28 07:35:41.623
567730,pilot02,-1094.9707,-1042.3584,52.6123,2020-02-28 07:37:56.350
567742,pilot02,-1067.3828,-1060.9741,6.40870000000018,2020-02-28 07:39:56.873
567754,pilot02,-1070.0684,-1064.5142,5.55420000000004,2020-02-28 07:41:52.897
567766,pilot02,-1080.9326,-1048.2178,32.7148000000002,2020-02-28 07:43:50.087
567778,pilot02,-1077.5757,-1058.8989,18.6768000000002,2020-02-28 07:45:45.233
567792,pilot02,-1072.5098,-1065.2466,7.2632000000001,2020-02-28 07:47:59.853
567804,pilot02,-1171.2646,-936.5234,234.7412,2020-02-28 07:49:56.397
567816,pilot02,-1148.8647,-975.9521,172.9126,2020-02-28 07:51:52.927
567828,pilot02,-1172.3633,-1031.8604,140.5029,2020-02-28 07:53:49.747
567840,pilot02,-1084.8389,-978.7598,106.0791,2020-02-28 07:55:44.650
567854,pilot02,-1199.0967,-960.7544,238.3423,2020-02-28 07:57:59.800
567866,pilot02,-1098.2666,-920.7153,177.5513,2020-02-28 07:59:54.993
567878,pilot02,-1198.0591,-962.5854,235.4737,2020-02-28 08:01:51.103
567890,pilot02,-1160.7666,-997.8027,162.9639,2020-02-28 08:03:47.590
567902,pilot02,-1105.4077,-947.4487,157.959,2020-02-28 08:05:42.553
567916,pilot02,-1092.2852,-941.7114,150.5738,2020-02-28 08:07:56.783
567928,pilot02,-1148.4985,-1009.6436,138.8549,2020-02-28 08:09:51.910
567940,pilot02,-1108.3984,-968.9331,139.4653,2020-02-28 08:11:47.023
567952,pilot02,-1131.4697,-1051.1475,80.3222000000001,2020-02-28 08:13:42.640
567964,pilot02,-1226.4404,-924.9268,301.5136,2020-02-28 08:15:40.890
567978,pilot02,-1144.2261,-944.2139,200.0122,2020-02-28 08:17:55.343
567990,pilot02,-1166.0156,-1025.6348,140.3808,2020-02-28 08:19:56.170
568002,pilot02,-1190.1855,-917.7246,272.4609,2020-02-28 08:21:51.343
568014,pilot02,-1145.6909,-1009.1553,136.5356,2020-02-28 08:23:48.570
568026,pilot02,-1130.9814,-980.835,150.1464,2020-02-28 08:25:43.977
568038,pilot02,-1096.0083,-1055.7861,40.2221999999999,2020-02-28 08:27:41.660
568050,pilot02,-1181.0303,-922.2412,258.7891,2020-02-28 08:29:42.853
568062,pilot02,-1121.582,-1030.3955,91.1865,2020-02-28 08:31:42.313
568074,pilot02,-1117.0654,-1011.2915,105.7739,2020-02-28 08:33:41.687
568088,pilot02,-1205.9326,-888.9771,316.9555,2020-02-28 08:35:59.780
568100,pilot02,-1131.2866,-997.9858,133.3008,2020-02-28 08:37:55.710
568112,pilot02,-1087.0972,-1041.1377,45.9594999999999,2020-02-28 08:39:51.317
568124,pilot02,-1096.8018,-1067.8711,28.9306999999999,2020-02-28 08:41:50.687
568136,pilot02,-1190.7959,-973.6328,217.1631,2020-02-28 08:43:45.437
568148,pilot02,-1114.1357,-1006.4697,107.666,2020-02-28 08:45:41.150
568162,pilot02,-1119.6899,-1046.936,72.7539000000002,2020-02-28 08:47:55.470
568174,pilot02,-1167.2363,-979.187,188.0493,2020-02-28 08:49:50.767
568186,pilot02,-1185.4248,-1043.396,142.0288,2020-02-28 08:51:46.413
568198,pilot02,-1172.6685,-1011.9019,160.7666,2020-02-28 08:53:41.617
568212,pilot02,-1098.5107,-984.9243,113.5864,2020-02-28 08:55:56.493
568224,pilot02,-1204.5898,-1031.189,173.4008,2020-02-28 08:57:51.820
568236,pilot02,-1179.1382,-983.5815,195.5567,2020-02-28 08:59:47.403
568248,pilot02,-1093.6279,-987.7319,105.896,2020-02-28 09:01:42.553
568262,pilot02,-1184.5703,-983.5205,201.0498,2020-02-28 09:03:56.700
568274,pilot02,-1117.2485,-946.9604,170.2881,2020-02-28 09:05:51.250
568286,pilot02,-1158.9966,-974.4263,184.5703,2020-02-28 09:07:46.227
568298,pilot02,-1147.0337,-1040.2222,106.8115,2020-02-28 09:09:42.057
568312,pilot02,-1192.1387,-952.0874,240.0513,2020-02-28 09:11:57.357
568322,pilot02,-1111.6333,-1058.2275,53.4058,2020-02-28 09:13:34.433
568336,pilot02,-1133.3008,-933.2275,200.0733,2020-02-28 09:15:48.520
568348,pilot02,-1075.8057,-1022.644,53.1616999999999,2020-02-28 09:17:44.533
568362,pilot02,-1187.6831,-985.9009,201.7822,2020-02-28 09:19:58.497
568374,pilot02,-1161.2549,-997.2534,164.0015,2020-02-28 09:21:53.720
568386,pilot02,-1204.1016,-1051.4526,152.649,2020-02-28 09:23:51.550
568398,pilot02,-1142.7612,-955.9326,186.8286,2020-02-28 09:25:46.237
568410,pilot02,-1099.9756,-1009.6436,90.332,2020-02-28 09:27:41.650
568424,pilot02,-1165.1001,-1010.8643,154.2358,2020-02-28 09:29:55.747
568436,pilot02,-1139.3433,-1048.5229,90.8204000000001,2020-02-28 09:31:51.590
568449,pilot02,-1065.918,-980.2246,85.6933999999999,2020-02-28 09:33:48.307
568461,pilot02,-1184.7534,-979.126,205.6274,2020-02-28 09:35:42.767
568473,pilot02,-1102.6611,-949.5239,153.1372,2020-02-28 09:37:43.220
568485,pilot02,-1120.8496,-913.6963,207.1533,2020-02-28 09:39:57.037
568495,pilot02,-1153.5034,-993.7744,159.729,2020-02-28 09:41:52.650
568505,pilot02,-1105.2246,-1030.4565,74.7681,2020-02-28 09:43:46.637
568517,pilot02,-1087.2803,-1044.2505,43.0297999999998,2020-02-28 09:45:46.780
568529,pilot02,-1167.7856,-989.563,178.2226,2020-02-28 09:47:42.167
568543,pilot02,-1109.1309,-958.8013,150.3296,2020-02-28 09:49:58.397
568555,pilot02,-1169.7998,-905.3345,264.4653,2020-02-28 09:51:54.520
568567,pilot02,-1073.7915,-964.5386,109.2529,2020-02-28 09:53:50.643
568579,pilot02,-1159.9731,-1000.2441,159.729,2020-02-28 09:55:45.973
568591,pilot02,-1149.9634,-1007.5684,142.395,2020-02-28 09:57:43.463
568605,pilot02,-1171.6919,-1042.5415,129.1504,2020-02-28 09:59:58.877
568617,pilot02,-1117.6758,-875.6104,242.0654,2020-02-28 10:01:54.910
568629,pilot02,-1091.6748,-996.0938,95.581,2020-02-28 10:03:51.837
568641,pilot02,-1235.2295,-1008.9111,226.3184,2020-02-28 10:05:59.340
568653,pilot02,-1136.3525,-1004.2725,132.08,2020-02-28 10:07:57.400
568665,pilot02,-1197.0215,-1028.7476,168.2739,2020-02-28 10:09:53.847
568677,pilot02,-1213.0127,-973.8159,239.1968,2020-02-28 10:11:49.440
568689,pilot02,-1141.7236,-1018.6157,123.1079,2020-02-28 10:13:45.133
568701,pilot02,-1123.0469,-958.1299,164.917,2020-02-28 10:15:42.150
568713,pilot02,-1157.8979,-1012.3901,145.5078,2020-02-28 10:17:40.770
568727,pilot02,-1162.9639,-1052.1851,110.7788,2020-02-28 10:19:58.277
568739,pilot02,-1093.0176,-1012.6953,80.3222999999999,2020-02-28 10:21:56.490
568749,pilot02,-1141.7236,-943.3594,198.3642,2020-02-28 10:23:43.053
568761,pilot02,-1082.1533,-1005.3101,76.8431999999999,2020-02-28 10:25:42.777
568776,pilot02,-1107.9102,-1008.667,99.2432,2020-02-28 10:27:58.803
568788,pilot02,-1195.6177,-1000.4272,195.1905,2020-02-28 10:29:54.197
568799,pilot02,-1109.436,-1019.7754,89.6605999999999,2020-02-28 10:31:51.400
568812,pilot02,-1151.3672,-978.8818,172.4854,2020-02-28 10:33:49.220
568824,pilot02,-1119.751,-1050.415,69.336,2020-02-28 10:35:49.363
568836,pilot02,-1173.7671,-1031.4941,142.273,2020-02-28 10:37:44.687
568850,pilot02,-1075.0122,-1018.3716,56.6405999999999,2020-02-28 10:39:59.567
568862,pilot02,-1089.2944,-990.7227,98.5717,2020-02-28 10:41:59.130
568874,pilot02,-1106.8115,-967.4683,139.3432,2020-02-28 10:43:53.833
568886,pilot02,-1141.0522,-1012.7563,128.2959,2020-02-28 10:45:50.187
568898,pilot02,-1223.5107,-979.7363,243.7744,2020-02-28 10:47:44.557
568910,pilot02,-1100.647,-1045.4712,55.1758,2020-02-28 10:49:41.823
568924,pilot02,-1113.2813,-901.3672,211.9141,2020-02-28 10:51:55.237
568936,pilot02,-1111.9995,-957.6416,154.3579,2020-02-28 10:53:49.327
568948,pilot02,-1219.0552,-1072.7539,146.3013,2020-02-28 10:55:45.333
568962,pilot02,-1099.3652,-958.9233,140.4419,2020-02-28 10:57:58.833
568974,pilot02,-1192.4438,-1061.8286,130.6152,2020-02-28 10:59:53.567
568986,pilot02,-1132.3853,-968.3228,164.0625,2020-02-28 11:01:56.417
568998,pilot02,-1182.1289,-1054.9927,127.1362,2020-02-28 11:03:52.947
569010,pilot02,-1162.7197,-949.3408,213.3789,2020-02-28 11:05:47.797
569022,pilot02,-1102.7832,-1047.9126,54.8706,2020-02-28 11:07:43.353
569036,pilot02,-1062.8052,-945.9229,116.8823,2020-02-28 11:09:57.710
569048,pilot02,-1144.165,-1025.1465,119.0185,2020-02-28 11:11:54.977
569060,pilot02,-1148.6206,-1045.6543,102.9663,2020-02-28 11:13:50.380
569072,pilot02,-1114.7461,-920.2271,194.519,2020-02-28 11:15:45.527
569084,pilot02,-1167.6025,-1029.4189,138.1836,2020-02-28 11:17:41.450
569098,pilot02,-1213.0737,-948.4863,264.5874,2020-02-28 11:19:56.987
569110,pilot02,-1129.3335,-938.7817,190.5518,2020-02-28 11:21:52.337
569122,pilot02,-1134.0942,-1032.4707,101.6235,2020-02-28 11:23:47.093
569134,pilot02,-1178.6499,-1004.6387,174.0112,2020-02-28 11:25:41.720
569148,pilot02,-1110.7788,-925.8423,184.9365,2020-02-28 11:27:57.070
569160,pilot02,-1096.4355,-997.3145,99.1210000000001,2020-02-28 11:29:53.190
569172,pilot02,-1087.5854,-1055.2979,32.2874999999999,2020-02-28 11:31:47.827
569184,pilot02,-1073.6694,-1066.7725,6.89689999999996,2020-02-28 11:33:42.490
569198,pilot02,-1075.9888,-1071.0449,4.94389999999999,2020-02-28 11:35:56.897
569210,pilot02,-1076.4771,-1051.8799,24.5972000000002,2020-02-28 11:37:55.233
569222,pilot02,-1084.4116,-1063.7817,20.6298999999999,2020-02-28 11:39:50.887
569234,pilot02,-1076.5991,-1074.2188,2.38029999999981,2020-02-28 11:41:45.103
569248,pilot02,-1081.1768,-1077.0264,4.15039999999999,2020-02-28 11:43:59.403
569260,pilot02,-1080.0171,-1073.1812,6.83590000000004,2020-02-28 11:45:54.730
569272,pilot02,-1102.1118,-1077.2095,24.9023,2020-02-28 11:47:49.213
569284,pilot02,-1079.1626,-1074.5239,4.6387000000002,2020-02-28 11:49:47.013
569296,pilot02,-1079.5288,-1072.8149,6.71389999999997,2020-02-28 11:51:54.093
569310,pilot02,-1087.8296,-1061.8896,25.9400000000001,2020-02-28 11:53:57.970
569322,pilot02,-1083.1909,-1076.7822,6.40869999999995,2020-02-28 11:55:52.810
569334,pilot02,-1079.895,-1076.1108,3.78420000000006,2020-02-28 11:57:48.767
569346,pilot02,-1079.3457,-1073.1812,6.16450000000009,2020-02-28 11:59:47.007
569358,pilot02,-1078.0029,-1063.7817,14.2212,2020-02-28 12:01:48.093
569368,pilot02,-1080.2612,-1074.8901,5.37109999999984,2020-02-28 12:03:51.753
569380,pilot02,-1075.6836,-1070.6787,5.00490000000013,2020-02-28 12:05:52.973
569392,pilot02,-1074.9512,-1072.937,2.01420000000007,2020-02-28 12:07:49.543
569404,pilot02,-1076.8433,-1070.8008,6.04250000000002,2020-02-28 12:09:44.947
569416,pilot02,-1085.144,-1067.1997,17.9443000000001,2020-02-28 12:11:46.260
569428,pilot02,-1076.7212,-1072.5708,4.15039999999999,2020-02-28 12:13:43.960
569441,pilot02,-1075.5005,-1071.2891,4.21140000000014,2020-02-28 12:15:46.573
569452,pilot02,-1083.7402,-1072.0215,11.7186999999999,2020-02-28 12:17:41.947
569466,pilot02,-1089.1113,-1043.2739,45.8374000000001,2020-02-28 12:19:57.670
569478,pilot02,-1075.7446,-1072.876,2.86860000000001,2020-02-28 12:21:56.303
569490,pilot02,-1078.3691,-1072.876,5.49309999999991,2020-02-28 12:23:55.080
569502,pilot02,-1089.5386,-1048.8892,40.6494,2020-02-28 12:25:50.763
569514,pilot02,-1085.083,-1068.4204,16.6626000000001,2020-02-28 12:27:46.640
569526,pilot02,-1075.4395,-1072.5098,2.92969999999991,2020-02-28 12:29:42.347
569540,pilot02,-1077.1484,-1070.0684,7.07999999999993,2020-02-28 12:31:57.007
569552,pilot02,-1095.0317,-1072.937,22.0947000000001,2020-02-28 12:33:51.890
569564,pilot02,-1167.8467,-973.2666,194.5801,2020-02-28 12:35:46.350
569578,pilot02,-1124.7559,-996.9482,127.8077,2020-02-28 12:37:59.837
569590,pilot02,-1201.2939,-1050.5981,150.6958,2020-02-28 12:39:55.073
569602,pilot02,-1131.0425,-1041.5649,89.4775999999999,2020-02-28 12:41:50.723
569614,pilot02,-1117.3096,-911.3159,205.9937,2020-02-28 12:43:47.383
569626,pilot02,-1140.8691,-1069.9463,70.9227999999998,2020-02-28 12:45:45.523
569638,pilot02,-1195.8618,-1030.1514,165.7104,2020-02-28 12:47:41.397
569652,pilot02,-1158.5693,-1013.3667,145.2026,2020-02-28 12:49:55.310
569664,pilot02,-1095.3369,-1044.7998,50.5371,2020-02-28 12:51:51.667
569676,pilot02,-1070.9839,-1063.5986,7.38529999999992,2020-02-28 12:53:46.317
569688,pilot02,-1073.6694,-1067.5049,6.16450000000009,2020-02-28 12:55:41.227
569702,pilot02,-1079.7119,-1070.4346,9.27729999999997,2020-02-28 12:57:56.087
569714,pilot02,-1091.6748,-1059.8145,31.8603000000001,2020-02-28 12:59:50.697
569726,pilot02,-1082.1533,-1077.7588,4.39449999999988,2020-02-28 13:01:45.250
569740,pilot02,-1086.1816,-1080.6885,5.49309999999991,2020-02-28 13:03:58.967
569752,pilot02,-1087.4634,-1079.6509,7.8125,2020-02-28 13:05:54.880
569764,pilot02,-1101.2573,-1075.0122,26.2451000000001,2020-02-28 13:07:52.520
569776,pilot02,-1086.9751,-1083.8623,3.11280000000011,2020-02-28 13:09:47.127
569787,pilot02,-1089.1724,-1081.8481,7.32429999999999,2020-02-28 13:11:41.940
569802,pilot02,-1086.6699,-1083.4961,3.17380000000003,2020-02-28 13:13:59.337
569814,pilot02,-1088.8672,-1059.3872,29.48,2020-02-28 13:15:54.310
569826,pilot02,-1085.9375,-1082.3975,3.53999999999996,2020-02-28 13:17:53.827
569838,pilot02,-1088.8672,-1082.1533,6.71389999999997,2020-02-28 13:19:48.730
569850,pilot02,-1086.1206,-1078.7964,7.32420000000002,2020-02-28 13:21:44.287
569864,pilot02,-1090.3931,-1068.8477,21.5454,2020-02-28 13:23:58.673
569876,pilot02,-1085.2051,-1081.4819,3.72319999999991,2020-02-28 13:25:55.307
569888,pilot02,-1081.7871,-1076.8433,4.94380000000001,2020-02-28 13:27:49.937
569900,pilot02,-1083.8623,-1079.9561,3.9061999999999,2020-02-28 13:29:47.927
569912,pilot02,-1108.8867,-1071.4111,37.4756,2020-02-28 13:31:42.507
569926,pilot02,-1104.5532,-1076.2939,28.2593000000002,2020-02-28 13:33:55.957
569938,pilot02,-1082.5806,-1077.5146,5.06600000000003,2020-02-28 13:35:51.037
569950,pilot02,-1080.1392,-1075.6836,4.4556,2020-02-28 13:37:45.870
569962,pilot02,-1107.5439,-1048.2788,59.2650999999998,2020-02-28 13:39:40.500
569976,pilot02,-1095.2759,-1073.7915,21.4844000000001,2020-02-28 13:41:57.810
569988,pilot02,-1080.3833,-1072.3267,8.05659999999989,2020-02-28 13:43:52.220
570000,pilot02,-1081.1157,-1076.2939,4.82180000000017,2020-02-28 13:45:50.780
570012,pilot02,-1103.8818,-1050.9033,52.9785000000002,2020-02-28 13:47:46.150
570024,pilot02,-1077.8198,-1072.2656,5.55420000000004,2020-02-28 13:49:43.067
570038,pilot02,-1080.2612,-1074.0356,6.22559999999999,2020-02-28 13:51:59.427
570050,pilot02,-1079.1016,-1072.998,6.10359999999991,2020-02-28 13:53:54.747
570062,pilot02,-1080.4443,-1048.9502,31.4941000000001,2020-02-28 13:55:51.177
570074,pilot02,-1080.0781,-1075.6226,4.45550000000003,2020-02-28 13:57:45.807
570086,pilot02,-1079.9561,-1075.3174,4.6387000000002,2020-02-28 13:59:42.593
570098,pilot02,-1079.4678,-1073.8525,5.61529999999993,2020-02-28 14:01:40.007
570110,pilot02,-1091.0645,-1063.4155,27.6489999999999,2020-02-28 14:03:42.097
570124,pilot02,-1094.1772,-1072.0215,22.1557,2020-02-28 14:05:59.647
570136,pilot02,-1077.5146,-1072.2046,5.30999999999995,2020-02-28 14:07:54.917
570148,pilot02,-1076.6602,-1072.5708,4.08940000000007,2020-02-28 14:09:53.357
570160,pilot02,-1093.2007,-1064.5142,28.6865,2020-02-28 14:11:49.670
570172,pilot02,-1076.6602,-1070.0073,6.65290000000005,2020-02-28 14:13:51.037
570184,pilot02,-1076.1719,-1069.458,6.71389999999997,2020-02-28 14:15:46.040
570196,pilot02,-1072.998,-1071.8384,1.15959999999995,2020-02-28 14:17:42.693
570210,pilot02,-1095.7031,-1048.9502,46.7529,2020-02-28 14:19:57.493
570222,pilot02,-1075.1343,-1070.8008,4.33349999999996,2020-02-28 14:21:53.723
570234,pilot02,-1075.6836,-1071.6553,4.02830000000017,2020-02-28 14:23:54.087
570246,pilot02,-1076.9653,-1070.0073,6.95800000000008,2020-02-28 14:25:50.697
570259,pilot02,-1079.3457,-1056.4575,22.8882000000001,2020-02-28 14:27:48.607
570270,pilot02,-1074.8901,-1070.5566,4.33350000000019,2020-02-28 14:29:43.147
570283,pilot02,-1075.5615,-1070.8618,4.69970000000012,2020-02-28 14:31:45.047
570295,pilot02,-1076.1108,-1071.167,4.94380000000001,2020-02-28 14:33:41.303
570308,pilot02,-1073.3643,-1050.415,22.9493,2020-02-28 14:35:59.037
570320,pilot02,-1074.8291,-1069.458,5.37109999999984,2020-02-28 14:37:54.307
570332,pilot02,-1074.5239,-1068.1152,6.40869999999995,2020-02-28 14:39:53.460
570345,pilot02,-1075.1343,-1067.2607,7.8735999999999,2020-02-28 14:41:52.640
570357,pilot02,-1084.2896,-1055.1758,29.1138000000001,2020-02-28 14:43:51.707
570369,pilot02,-1072.2046,-1067.688,4.51659999999993,2020-02-28 14:45:48.957
570380,pilot02,-1071.7163,-1069.2139,2.50240000000008,2020-02-28 14:47:47.683
570392,pilot02,-1072.7539,-1067.3828,5.37109999999984,2020-02-28 14:49:42.127
570406,pilot02,-1079.9561,-1070.6177,9.33840000000009,2020-02-28 14:51:56.933
570418,pilot02,-1073.4863,-1066.8335,6.65280000000007,2020-02-28 14:53:53.633
570431,pilot02,-1071.8994,-1069.2749,2.62450000000013,2020-02-28 14:55:54.297
570442,pilot02,-1070.9839,-1064.8804,6.10349999999994,2020-02-28 14:57:49.257
570454,pilot02,-1082.8857,-1049.8047,33.0810000000001,2020-02-28 14:59:43.713
570467,pilot02,-1075.8057,-1068.4814,7.32429999999999,2020-02-28 15:01:42.503
570481,pilot02,-1073.9746,-1068.7256,5.24900000000002,2020-02-28 15:03:59.597
570493,pilot02,-1077.5757,-1069.9463,7.62940000000003,2020-02-28 15:05:58.207
570505,pilot02,-1078.0029,-1053.3447,24.6581999999999,2020-02-28 15:07:54.877
570517,pilot02,-1075.1953,-1068.9087,6.28660000000014,2020-02-28 15:09:51.080
570529,pilot02,-1074.5239,-1070.1294,4.39449999999988,2020-02-28 15:11:54.717
570541,pilot02,-1077.6367,-1068.7256,8.91110000000003,2020-02-28 15:13:52.370
570553,pilot02,-1082.1533,-1051.5747,30.5786000000001,2020-02-28 15:15:47.480
570565,pilot02,-1075.8667,-1062.9883,12.8784000000001,2020-02-28 15:17:42.490
570579,pilot02,-1073.8525,-1069.0918,4.76070000000004,2020-02-28 15:19:59.643
570591,pilot02,-1073.6694,-1069.1528,4.51659999999993,2020-02-28 15:21:57.057
570603,pilot02,-1099.0601,-1049.6216,49.4385,2020-02-28 15:23:54.123
570615,pilot02,-1072.6929,-1070.4346,2.25829999999996,2020-02-28 15:25:53.750
570627,pilot02,-1074.2798,-1072.3877,1.89210000000003,2020-02-28 15:27:52.430
570640,pilot02,-1076.9653,-1070.5566,6.40870000000018,2020-02-28 15:29:49.820
570651,pilot02,-1081.3599,-1055.6641,25.6958,2020-02-28 15:31:45.697
570663,pilot02,-1070.2515,-1038.7573,31.4942000000001,2020-02-28 15:33:43.627
570678,pilot02,-1070.3735,-1065.4907,4.88279999999986,2020-02-28 15:35:58.563
570690,pilot02,-1070.3125,-1064.7583,5.55420000000004,2020-02-28 15:37:55.010
570702,pilot02,-1091.1255,-1054.0161,37.1094000000001,2020-02-28 15:39:58.103
570713,pilot02,-1067.8711,-1059.5093,8.36180000000013,2020-02-28 15:41:54.473
570726,pilot02,-1069.5801,-1063.4155,6.16459999999984,2020-02-28 15:43:51.830
570738,pilot02,-1069.7021,-1064.7583,4.94380000000001,2020-02-28 15:45:47.317
570749,pilot02,-1077.6978,-1042.6025,35.0953,2020-02-28 15:47:43.387
570762,pilot02,-1076.4771,-1063.1714,13.3057000000001,2020-02-28 15:49:46.157
570776,pilot02,-1067.5659,-1062.3779,5.1880000000001,2020-02-28 15:51:59.830
570788,pilot02,-1067.688,-1061.4624,6.22560000000021,2020-02-28 15:53:58.100
570800,pilot02,-1063.8428,-1039.1235,24.7193,2020-02-28 15:55:53.963
570811,pilot02,-1067.0166,-1060.73,6.28659999999991,2020-02-28 15:57:50.300
570823,pilot02,-1065.4907,-1058.7769,6.71379999999999,2020-02-28 15:59:48.950
570835,pilot02,-1068.7256,-1061.4014,7.32420000000002,2020-02-28 16:01:46.423
570847,pilot02,-1087.4023,-1043.6401,43.7621999999999,2020-02-28 16:03:41.517
570861,pilot02,-1088.8672,-1059.1431,29.7240999999999,2020-02-28 16:05:56.147
570873,pilot02,-1066.5283,-1061.1572,5.37109999999984,2020-02-28 16:07:58.457
570885,pilot02,-1065.7959,-1060.8521,4.94380000000001,2020-02-28 16:09:59.797
570897,pilot02,-1073.4253,-1062.7441,10.6812000000002,2020-02-28 16:11:55.697
570910,pilot02,-1064.9414,-1060.6689,4.27250000000004,2020-02-28 16:13:53.583
570922,pilot02,-1065.0635,-1060.4858,4.57770000000005,2020-02-28 16:15:54.610
570933,pilot02,-1066.6504,-1057.373,9.27739999999994,2020-02-28 16:17:55.390
570945,pilot02,-1073.5474,-1046.3257,27.2216999999998,2020-02-28 16:19:52.753
570957,pilot02,-1063.2324,-1059.3262,3.90620000000013,2020-02-28 16:21:52.527
570969,pilot02,-1064.5752,-1058.2886,6.28659999999991,2020-02-28 16:23:51.037
570982,pilot02,-1063.7207,-1059.2041,4.51660000000015,2020-02-28 16:25:54.690
570994,pilot02,-1075.3174,-1062.439,12.8783999999998,2020-02-28 16:27:54.147
571006,pilot02,-1062.8052,-1056.3354,6.46980000000008,2020-02-28 16:29:57.300
571018,pilot02,-1065.6738,-1063.1714,2.50240000000008,2020-02-28 16:31:55.567
571030,pilot02,-1064.8193,-1058.96,5.85930000000008,2020-02-28 16:33:56.583
571042,pilot02,-1071.7163,-1036.499,35.2173,2020-02-28 16:35:57.130
571054,pilot02,-1063.4766,-1059.6313,3.84529999999995,2020-02-28 16:37:55.887
571066,pilot02,-1064.209,-1059.2651,4.94389999999999,2020-02-28 16:39:54.123
571078,pilot02,-1064.209,-1057.4341,6.77490000000012,2020-02-28 16:41:50.577
571090,pilot02,-1078.7964,-1060.0586,18.7377999999999,2020-02-28 16:43:48.053
571102,pilot02,-1063.9038,-1050.4761,13.4277,2020-02-28 16:45:45.030
571114,pilot02,-1063.4155,-1058.4106,5.00490000000013,2020-02-28 16:47:46.593
571126,pilot02,-1062.7441,-1056.3965,6.34759999999983,2020-02-28 16:49:53.337
571138,pilot02,-1079.5898,-1037.7808,41.809,2020-02-28 16:51:52.373
571150,pilot02,-1063.6597,-1057.6172,6.04250000000002,2020-02-28 16:53:50.907
571162,pilot02,-1063.5986,-1054.8096,8.78899999999999,2020-02-28 16:55:51.693
571175,pilot02,-1063.9648,-1058.7158,5.24900000000002,2020-02-28 16:57:59.200
571185,pilot02,-1072.4487,-1047.2412,25.2075,2020-02-28 16:59:44.587
571197,pilot02,-1062.1948,-1047.1191,15.0757000000001,2020-02-28 17:01:42.800
571211,pilot02,-1061.5234,-1056.7017,4.82169999999996,2020-02-28 17:03:57.567
571222,pilot02,-1061.0962,-1056.7627,4.33349999999996,2020-02-28 17:05:56.777
571235,pilot02,-1071.3501,-1041.8091,29.5410000000002,2020-02-28 17:07:58.420
571245,pilot02,-1061.8286,-1057.8003,4.02829999999994,2020-02-28 17:09:37.563
571257,pilot02,-1062.3169,-1055.603,6.71389999999997,2020-02-28 17:11:42.943
571269,pilot02,-1061.4014,-1054.8096,6.59179999999992,2020-02-28 17:13:41.810
571283,pilot02,-1075.1953,-1044.0674,31.1279000000002,2020-02-28 17:15:57.867
571293,pilot02,-1059.2651,-1056.1523,3.11280000000011,2020-02-28 17:17:37.243
571305,pilot02,-1060.1196,-1056.3354,3.78420000000006,2020-02-28 17:19:41.797
571319,pilot02,-1061.0962,-1053.894,7.20219999999995,2020-02-28 17:21:59.230
571331,pilot02,-1076.416,-1054.8706,21.5454,2020-02-28 17:23:58.247
571341,pilot02,-1058.8989,-1055.1758,3.72309999999993,2020-02-28 17:25:37.483
571355,pilot02,-1062.1338,-1055.2979,6.83590000000004,2020-02-28 17:27:59.330
571365,pilot02,-1062.2559,-1058.4106,3.84530000000018,2020-02-28 17:29:40.477
571378,pilot02,-1071.5942,-1046.7529,24.8413,2020-02-28 17:31:43.850
571390,pilot02,-1057.7393,-1049.1943,8.54499999999985,2020-02-28 17:33:42.110
571402,pilot02,-1059.5703,-1055.0537,4.51660000000015,2020-02-28 17:35:44.770
571414,pilot02,-1060.8521,-1056.2744,4.57770000000005,2020-02-28 17:37:44.103
571426,pilot02,-1070.5566,-1033.6914,36.8652,2020-02-28 17:39:42.133
571440,pilot02,-1059.8755,-1052.7344,7.14110000000005,2020-02-28 17:41:59.320
571450,pilot02,-1060.1807,-1054.2603,5.92039999999997,2020-02-28 17:43:41.860
571462,pilot02,-1057.7393,-1055.7251,2.01419999999985,2020-02-28 17:45:41.890
571474,pilot02,-1069.1528,-1054.5654,14.5874000000001,2020-02-28 17:47:44.213
571486,pilot02,-1059.6924,-1043.335,16.3573999999999,2020-02-28 17:49:44.787
571498,pilot02,-1058.5938,-1053.7109,4.88290000000006,2020-02-28 17:51:41.563
571512,pilot02,-1056.8237,-1053.5889,3.23479999999995,2020-02-28 17:53:59.440
571524,pilot02,-1069.2139,-1044.4336,24.7802999999999,2020-02-28 17:55:59.290
571534,pilot02,-1060.3638,-1052.7344,7.62940000000003,2020-02-28 17:57:38.507
571546,pilot02,-1058.1055,-1051.3916,6.71389999999997,2020-02-28 17:59:43.303
571558,pilot02,-1057.312,-1053.7109,3.60109999999986,2020-02-28 18:01:44.307
571570,pilot02,-1072.876,-1054.8706,18.0054,2020-02-28 18:03:42.983
571584,pilot02,-1057.6782,-1033.02,24.6582000000001,2020-02-28 18:05:59.783
571596,pilot02,-1059.4482,-1054.0771,5.37110000000007,2020-02-28 18:07:59.693
571608,pilot02,-1058.5327,-1052.7954,5.7373,2020-02-28 18:09:58.910
571620,pilot02,-1066.1621,-1030.9448,35.2173,2020-02-28 18:11:56.063
571632,pilot02,-1058.8379,-1052.4292,6.40869999999995,2020-02-28 18:13:55.650
571644,pilot02,-1056.8848,-1051.5747,5.31010000000015,2020-02-28 18:15:55.210
571655,pilot02,-1058.2275,-1052.124,6.10349999999994,2020-02-28 18:17:54.783
571667,pilot02,-1078.6133,-1032.4707,46.1425999999999,2020-02-28 18:19:53.117
571679,pilot02,-1056.3965,-1046.6919,9.70460000000003,2020-02-28 18:21:49.367
571691,pilot02,-1055.0537,-1051.5747,3.47900000000004,2020-02-28 18:23:50.387
571703,pilot02,-1059.1431,-1051.7578,7.38529999999992,2020-02-28 18:25:53.843
571715,pilot02,-1071.4722,-1021.5454,49.9268,2020-02-28 18:27:52.423
571727,pilot02,-1057.8003,-1031.4331,26.3672000000001,2020-02-28 18:29:50.647
571740,pilot02,-1059.2041,-1053.5278,5.67629999999986,2020-02-28 18:31:54.427
571752,pilot02,-1057.251,-1054.6265,2.6244999999999,2020-02-28 18:33:54.810
571764,pilot02,-1063.6597,-1047.1802,16.4794999999999,2020-02-28 18:35:55.983
571776,pilot02,-1060.9131,-1054.7485,6.16460000000006,2020-02-28 18:37:58.900
571788,pilot02,-1061.0962,-1054.6265,6.46969999999988,2020-02-28 18:39:56.820
571800,pilot02,-1060.0586,-1056.6406,3.41800000000012,2020-02-28 18:41:54.807
571812,pilot02,-1068.7866,-1053.1616,15.625,2020-02-28 18:43:51.980
571824,pilot02,-1061.8286,-1054.8096,7.01900000000001,2020-02-28 18:45:51.193
571836,pilot02,-1058.4717,-1055.2979,3.17380000000003,2020-02-28 18:47:49.977
571848,pilot02,-1058.4717,-1054.8096,3.66210000000001,2020-02-28 18:49:48.583
571859,pilot02,-1069.8853,-1046.5088,23.3764999999999,2020-02-28 18:51:43.837
571872,pilot02,-1056.3354,-1053.894,2.44139999999993,2020-02-28 18:53:48.740
571884,pilot02,-1059.8755,-1050.4761,9.39940000000001,2020-02-28 18:55:53.523
571896,pilot02,-1057.9834,-1051.2695,6.71389999999997,2020-02-28 18:57:53.150
571908,pilot02,-1072.6318,-1053.2837,19.3481000000002,2020-02-28 18:59:52.943
571920,pilot02,-1076.9043,-1051.4526,25.4516999999998,2020-02-28 19:01:49.157
571931,pilot02,-1056.4575,-1049.5605,6.89699999999993,2020-02-28 19:03:48.733
571944,pilot02,-1056.8848,-1053.2227,3.66210000000001,2020-02-28 19:05:46.570
571956,pilot02,-1067.1997,-1045.2271,21.9725999999998,2020-02-28 19:07:41.857
571970,pilot02,-1056.6406,-1048.4009,8.23969999999986,2020-02-28 19:09:57.440
571981,pilot02,-1054.8096,-1048.1567,6.65290000000005,2020-02-28 19:11:54.893
571993,pilot02,-1058.0444,-1051.5137,6.53070000000002,2020-02-28 19:13:55.787
572003,pilot02,-1070.0073,-1032.8979,37.1094000000001,2020-02-28 19:15:38.267
572017,pilot02,-1060.9131,-1050.9033,10.0098,2020-02-28 19:17:59.380
572029,pilot02,-1057.373,-1050.1099,7.26310000000012,2020-02-28 19:19:58.480
572041,pilot02,-1054.6875,-1049.2554,5.43209999999999,2020-02-28 19:21:57.043
572053,pilot02,-1063.2935,-1042.3584,20.9350999999999,2020-02-28 19:23:56.297
572066,pilot02,-1062.6831,-1050.4761,12.2069999999999,2020-02-28 19:25:58.203
572076,pilot02,-1054.4434,-1052.6733,1.77010000000018,2020-02-28 19:27:39.603
572088,pilot02,-1052.8564,-1047.6685,5.1878999999999,2020-02-28 19:29:46.623
572100,pilot02,-1061.3403,-1034.3018,27.0385000000001,2020-02-28 19:31:48.667
572112,pilot02,-1054.7485,-1047.4854,7.26309999999989,2020-02-28 19:33:51.513
572124,pilot02,-1053.894,-1049.7437,4.15030000000002,2020-02-28 19:35:50.080
572136,pilot02,-1054.8096,-1049.3164,5.49320000000012,2020-02-28 19:37:48.313
572148,pilot02,-1064.209,-1033.6304,30.5786000000001,2020-02-28 19:39:42.820
572163,pilot02,-1052.063,-1042.9688,9.0942,2020-02-28 19:41:58.463
572175,pilot02,-1053.4668,-1048.2788,5.18799999999987,2020-02-28 19:43:59.130
572185,pilot02,-1056.0303,-1050.6592,5.37109999999984,2020-02-28 19:45:45.553
572198,pilot02,-1073.9136,-1043.2739,30.6397000000002,2020-02-28 19:47:52.490
572210,pilot02,-1053.4668,-1046.6309,6.83589999999981,2020-02-28 19:49:51.327
572222,pilot02,-1053.1616,-1048.8281,4.33349999999996,2020-02-28 19:51:49.863
572234,pilot02,-1053.5889,-1046.9971,6.59179999999992,2020-02-28 19:53:46.980
572246,pilot02,-1051.5137,-1035.5835,15.9302,2020-02-28 19:55:42.990
572258,pilot02,-1057.4951,-1048.4009,9.0942,2020-02-28 19:57:40.197
572272,pilot02,-1054.2603,-1049.9878,4.27249999999981,2020-02-28 19:59:56.373
572284,pilot02,-1053.2227,-1047.6685,5.55420000000004,2020-02-28 20:01:52.090
572296,pilot02,-1061.8896,-1046.5088,15.3807999999999,2020-02-28 20:03:55.513
572308,pilot02,-1055.1758,-1044.3115,10.8643,2020-02-28 20:05:55.170
572320,pilot02,-1051.9409,-1045.4102,6.53070000000002,2020-02-28 20:07:54.470
572332,pilot02,-1051.3306,-1045.9595,5.37110000000007,2020-02-28 20:09:56.277
572343,pilot02,-1074.3408,-1047.2412,27.0996,2020-02-28 20:11:53.363
572356,pilot02,-1053.5889,-1039.3066,14.2823000000001,2020-02-28 20:13:51.787
572367,pilot02,-1051.7578,-1046.875,4.88280000000009,2020-02-28 20:15:50.083
572379,pilot02,-1053.4058,-1048.2178,5.1880000000001,2020-02-28 20:17:46.243
572391,pilot02,-1058.96,-1049.5605,9.39949999999999,2020-02-28 20:19:41.837
572405,pilot02,-1054.0161,-1020.752,33.2641000000001,2020-02-28 20:21:59.610
572415,pilot02,-1053.833,-1048.3398,5.49320000000012,2020-02-28 20:23:44.223
572427,pilot02,-1054.3823,-1046.3257,8.05659999999989,2020-02-28 20:25:44.167
572439,pilot02,-1057.7393,-1032.1045,25.6348,2020-02-28 20:27:42.083
572451,pilot02,-1050.1709,-1035.2783,14.8926000000001,2020-02-28 20:29:43.650
572465,pilot02,-1051.7578,-1044.7998,6.95800000000008,2020-02-28 20:31:59.880
572477,pilot02,-1051.6968,-1045.2271,6.46969999999988,2020-02-28 20:33:55.513
572489,pilot02,-1063.3545,-1032.2876,31.0668999999998,2020-02-28 20:35:53.553
572501,pilot02,-1058.2886,-1045.4102,12.8784000000001,2020-02-28 20:37:52.160
572513,pilot02,-1051.8799,-1046.814,5.06589999999983,2020-02-28 20:39:56.287
572523,pilot02,-1052.063,-1046.6309,5.43209999999999,2020-02-28 20:41:47.673
572535,pilot02,-1067.3218,-1022.2168,45.1049999999999,2020-02-28 20:43:54.023
572547,pilot02,-1051.5747,-1030.9448,20.6298999999999,2020-02-28 20:45:52.157
572559,pilot02,-1050.8423,-1044.4336,6.40869999999995,2020-02-28 20:47:47.303
572571,pilot02,-1052.3682,-1047.6074,4.76079999999979,2020-02-28 20:49:42.740
572586,pilot02,-1061.2183,-1025.6348,35.5835,2020-02-28 20:51:58.850
572598,pilot02,-1057.4341,-1046.6919,10.7421999999999,2020-02-28 20:53:57.360
572608,pilot02,-1049.2554,-1046.4478,2.80760000000009,2020-02-28 20:55:46.703
572621,pilot02,-1051.9409,-1046.936,5.00490000000013,2020-02-28 20:57:51.940
572633,pilot02,-1061.7065,-1040.1001,21.6063999999999,2020-02-28 20:59:52.193
572644,pilot02,-1050.2319,-1032.7148,17.5171,2020-02-28 21:01:48.650
572656,pilot02,-1049.1333,-1043.5181,5.61519999999996,2020-02-28 21:03:44.510
572668,pilot02,-1047.6074,-1044.5557,3.05170000000021,2020-02-28 21:05:42.483
572680,pilot02,-1060.4248,-1045.8984,14.5264,2020-02-28 21:07:40.577
572694,pilot02,-1051.2085,-1034.4849,16.7236,2020-02-28 21:09:55.040
572706,pilot02,-1051.9409,-1046.0205,5.92039999999997,2020-02-28 21:11:52.153
572718,pilot02,-1048.9502,-1042.2974,6.65280000000007,2020-02-28 21:13:56.433
572730,pilot02,-1065.979,-1021.1792,44.7998,2020-02-28 21:15:59.060
572740,pilot02,-1048.8281,-1026.9165,21.9115999999999,2020-02-28 21:17:41.270
572754,pilot02,-1048.9502,-1042.8467,6.10349999999994,2020-02-28 21:19:59.473
572766,pilot02,-1050.2319,-1041.9922,8.23970000000008,2020-02-28 21:21:55.830
572778,pilot02,-1051.2695,-1030.0903,21.1792,2020-02-28 21:23:52.180
572790,pilot02,-1052.002,-1044.6167,7.38529999999992,2020-02-28 21:25:51.300
572802,pilot02,-1050.4761,-1046.0815,4.39460000000008,2020-02-28 21:27:50.613
572814,pilot02,-1048.1567,-1043.1519,5.00479999999993,2020-02-28 21:29:56.417
572825,pilot02,-1056.3965,-1045.8374,10.5591000000002,2020-02-28 21:31:39.913
572837,pilot02,-1050.9033,-1043.2739,7.62940000000003,2020-02-28 21:33:42.313
572849,pilot02,-1046.5088,-1043.335,3.17380000000003,2020-02-28 21:35:40.523
572861,pilot02,-1049.3164,-1043.8843,5.43209999999999,2020-02-28 21:37:40.913
572875,pilot02,-1055.4199,-1040.2832,15.1367,2020-02-28 21:39:57.383
572887,pilot02,-1050.1099,-1037.1094,13.0004999999999,2020-02-28 21:41:51.580
572899,pilot02,-1049.6216,-1045.0439,4.57770000000005,2020-02-28 21:43:54.693
572911,pilot02,-1049.4995,-1044.0063,5.49319999999989,2020-02-28 21:45:58.477
572923,pilot02,-1063.2324,-1046.7529,16.4795000000001,2020-02-28 21:47:59.673
572935,pilot02,-1049.2554,-1041.9922,7.2632000000001,2020-02-28 21:49:56.127
572947,pilot02,-1050.7202,-1043.9453,6.77489999999989,2020-02-28 21:51:51.460
572959,pilot02,-1048.584,-1042.1143,6.4697000000001,2020-02-28 21:53:47.600
572971,pilot02,-1065.3687,-1035.8887,29.48,2020-02-28 21:55:44.980
572983,pilot02,-1052.4902,-1047.1802,5.30999999999995,2020-02-28 21:57:43.183
572995,pilot02,-1050.9644,-1048.2788,2.68560000000002,2020-02-28 21:59:57.180
573005,pilot02,-1052.7344,-1046.1426,6.59180000000015,2020-02-28 22:01:44.827
573017,pilot02,-1061.9507,-1040.5884,21.3623,2020-02-28 22:03:44.177
573029,pilot02,-1056.3354,-1024.9023,31.4331,2020-02-28 22:05:44.230
573041,pilot02,-1052.9175,-1047.2412,5.67630000000008,2020-02-28 22:07:42.030
573056,pilot02,-1055.9692,-1046.5088,9.46039999999994,2020-02-28 22:09:58.950
573068,pilot02,-1064.8193,-1034.729,30.0903000000001,2020-02-28 22:11:55.677
573079,pilot02,-1053.7109,-1031.9824,21.7284999999999,2020-02-28 22:13:55.163
573091,pilot02,-1052.124,-1047.5464,4.57760000000007,2020-02-28 22:15:58.713
573101,pilot02,-1052.6733,-1047.2412,5.43209999999999,2020-02-28 22:17:53.950
573113,pilot02,-1068.9697,-1052.4902,16.4795000000001,2020-02-28 22:19:51.050
573125,pilot02,-1054.3213,-1031.9824,22.3389,2020-02-28 22:21:46.567
573137,pilot02,-1051.3916,-1048.2788,3.11279999999988,2020-02-28 22:23:43.493
573149,pilot02,-1053.5278,-1047.1191,6.40870000000018,2020-02-28 22:25:40.643
573163,pilot02,-1060.6689,-1048.4619,12.2069999999999,2020-02-28 22:27:56.707
573175,pilot02,-1055.2368,-1034.0576,21.1791999999998,2020-02-28 22:29:57.460
573185,pilot02,-1051.3916,-1045.4712,5.92039999999997,2020-02-28 22:31:41.123
573197,pilot02,-1049.6826,-1044.7998,4.88280000000009,2020-02-28 22:33:45.023
573209,pilot02,-1058.8989,-1031.6162,27.2827,2020-02-28 22:35:43.677
573221,pilot02,-1067.3218,-1045.7153,21.6064999999999,2020-02-28 22:37:42.397
573233,pilot02,-1049.4385,-1046.0815,3.35699999999997,2020-02-28 22:39:39.490
573247,pilot02,-1048.2178,-1039.917,8.30079999999998,2020-02-28 22:41:55.290
573257,pilot02,-1052.9785,-1038.6353,14.3432,2020-02-28 22:43:37.350
573269,pilot02,-1049.1943,-1027.8931,21.3012000000001,2020-02-28 22:45:45.627
573282,pilot02,-1048.584,-1043.5181,5.06590000000006,2020-02-28 22:47:50.953
573294,pilot02,-1047.8516,-1042.1753,5.67629999999986,2020-02-28 22:49:48.267
573305,pilot02,-1062.6221,-1034.6069,28.0152000000001,2020-02-28 22:51:42.697
573317,pilot02,-1049.6216,-1040.2832,9.33839999999987,2020-02-28 22:53:39.947
573332,pilot02,-1048.0957,-1043.335,4.76070000000004,2020-02-28 22:55:56.773
573343,pilot02,-1047.3022,-1043.396,3.90620000000013,2020-02-28 22:57:54.183
573353,pilot02,-1060.4858,-1045.105,15.3807999999999,2020-02-28 22:59:35.740
573366,pilot02,-1062.439,-1037.7808,24.6582000000001,2020-02-28 23:01:47.763
573377,pilot02,-1048.4619,-1042.8467,5.61519999999996,2020-02-28 23:03:43.360
573389,pilot02,-1048.2788,-1042.4805,5.79830000000015,2020-02-28 23:05:38.847
573403,pilot02,-1064.7583,-1047.7905,16.9677999999999,2020-02-28 23:07:55.030
573415,pilot02,-1049.6826,-1042.6025,7.08010000000013,2020-02-28 23:09:51.533
573427,pilot02,-1046.1426,-1042.0532,4.08939999999984,2020-02-28 23:11:49.500
573439,pilot02,-1046.875,-1042.7856,4.08940000000007,2020-02-28 23:13:48.293
573451,pilot02,-1055.9692,-1035.6445,20.3246999999999,2020-02-28 23:15:53.640
573463,pilot02,-1048.8892,-1043.1519,5.7373,2020-02-28 23:17:56.013
573475,pilot02,-1047.7905,-1042.7856,5.00490000000013,2020-02-28 23:19:55.953
573487,pilot02,-1048.7671,-1041.748,7.01909999999998,2020-02-28 23:21:51.917
573499,pilot02,-1060.4248,-1042.8467,17.5780999999999,2020-02-28 23:23:47.193
573511,pilot02,-1055.9692,-1043.8843,12.0849000000001,2020-02-28 23:25:44.503
573523,pilot02,-1046.0815,-1042.3584,3.72309999999993,2020-02-28 23:27:43.367
573535,pilot02,-1049.8047,-1044.2505,5.55419999999981,2020-02-28 23:29:48.160
573546,pilot02,-1061.7676,-1031.7993,29.9683,2020-02-28 23:31:54.583
573558,pilot02,-1054.1992,-1043.5181,10.6811,2020-02-28 23:33:51.233
573571,pilot02,-1048.2178,-1041.0767,7.14109999999982,2020-02-28 23:35:51.813
573583,pilot02,-1047.2412,-1044.1284,3.11279999999988,2020-02-28 23:37:48.977
573595,pilot02,-1052.3682,-1035.2783,17.0898999999999,2020-02-28 23:39:46.027
573607,pilot02,-1047.0581,-1041.687,5.37110000000007,2020-02-28 23:41:41.753
573618,pilot02,-1045.2271,-1040.6494,4.57770000000005,2020-02-28 23:43:44.703
573631,pilot02,-1046.6919,-1038.8794,7.8125,2020-02-28 23:45:50.767
573643,pilot02,-1049.0112,-1031.0059,18.0052999999998,2020-02-28 23:47:52.500
573655,pilot02,-1061.2793,-1042.2363,19.0429999999999,2020-02-28 23:49:51.913
573667,pilot02,-1045.8984,-1041.5649,4.33349999999996,2020-02-28 23:51:46.793
573679,pilot02,-1045.5933,-1040.3442,5.2491,2020-02-28 23:53:42.187
573693,pilot02,-1063.0493,-1039.1846,23.8646999999999,2020-02-28 23:55:57.123
573704,pilot02,-1050.5981,-1039.1846,11.4134999999999,2020-02-28 23:57:57.970
573714,pilot02,-1046.9971,-1043.335,3.66210000000001,2020-02-28 23:59:47.337
